33.30334533,126.2990478
33.30334494,126.29904586
33.30334448,126.29904393
33.3033439,126.29904219
33.30334336,126.29904073
33.30334273,126.29903905
33.30334211,126.29903741
33.30334141,126.29903554
33.3033409,126.29903397
33.30334036,126.29903225
33.30333973,126.29903024
33.30333911,126.29902829
33.3033385,126.29902636
33.30333778,126.2990245
33.30333709,126.2990228
33.30333655,126.2990215
33.30333601,126.29902017
33.30333526,126.29901835
33.30333447,126.29901643
33.30333374,126.29901458
33.30333299,126.29901269
33.30333245,126.29901132
33.30333191,126.29900997
33.30333121,126.29900821
33.30333047,126.29900627
33.30332997,126.29900482
33.30332929,126.29900283
33.30332879,126.29900139
33.3033283,126.29899997
33.30332767,126.29899812
33.30332708,126.2989964
33.30332651,126.29899462
33.30332608,126.29899331
33.30332562,126.29899187
33.30332514,126.2989904
33.3033247,126.29898901
33.30332415,126.29898731
33.30332352,126.29898533
33.30332297,126.29898361
33.30332252,126.2989822
33.30332205,126.29898071
33.30332158,126.29897924
33.30332098,126.29897733
33.30332041,126.29897556
33.30331981,126.29897368
33.30331936,126.29897231
33.30331887,126.2989708
33.30331838,126.29896926
33.30331791,126.29896781
33.30331733,126.29896603
33.30331679,126.29896441
33.30331624,126.29896288
33.30331575,126.29896153
33.30331522,126.29896005
33.30331468,126.29895853
33.30331416,126.2989571
33.30331353,126.29895535
33.30331296,126.29895372
33.30331244,126.29895215
33.30331198,126.29895076
33.30331146,126.29894922
33.30331094,126.29894766
33.30331045,126.29894618
33.30330985,126.29894438
33.30330931,126.29894269
33.30330881,126.29894105
33.30330836,126.2989396
33.30330787,126.29893799
33.30330738,126.29893636
33.30330691,126.29893481
33.30330633,126.29893292
33.30330581,126.2989312
33.30330531,126.29892958
33.30330486,126.29892815
33.30330437,126.29892657
33.30330388,126.29892496
33.30330341,126.29892344
33.30330283,126.29892158
33.3033023,126.29891987
33.30330177,126.29891825
33.30330131,126.29891682
33.3033008,126.29891524
33.30330028,126.29891363
33.30329978,126.2989121
33.30329918,126.29891024
33.30329862,126.29890854
33.30329807,126.29890692
33.30329759,126.29890548
33.30329705,126.2989039
33.30329651,126.29890229
33.30329599,126.29890077
33.30329536,126.29889891
33.30329477,126.29889722
33.30329417,126.29889565
33.30329365,126.29889426
33.30329307,126.29889272
33.30329247,126.29889116
33.30329191,126.29888968
33.30329123,126.29888788
33.3032905,126.2988863
33.30328964,126.29888492
33.30328888,126.29888369
33.30328805,126.29888234
33.30328719,126.29888097
33.30328639,126.29887967
33.3032854,126.29887808
33.30328438,126.29887679
33.30328321,126.29887581
33.30328218,126.29887495
33.30328104,126.29887399
33.30327988,126.29887302
33.30327878,126.2988721
33.30327744,126.29887098
33.30327614,126.29887013
33.30327478,126.2988696
33.30327358,126.29886914
33.30327226,126.29886863
33.30327091,126.29886811
33.30326963,126.29886762
33.30326807,126.29886701
33.30326659,126.29886656
33.30326512,126.2988663
33.30326381,126.29886607
33.30326237,126.29886581
33.3032609,126.29886555
33.30325951,126.29886531
33.30325781,126.29886501
33.30325627,126.29886479
33.30325482,126.29886467
33.30325353,126.29886456
33.30325211,126.29886444
33.30325067,126.29886433
33.3032493,126.29886421
33.30324763,126.29886408
33.30324611,126.29886393
33.30324468,126.29886377
33.30324342,126.29886362
33.30324202,126.29886346
33.3032406,126.29886329
33.30323926,126.29886313
33.30323762,126.29886294
33.3032361,126.29886279
33.30323465,126.29886267
33.30323336,126.29886256
33.30323195,126.29886244
33.3032305,126.29886233
33.30322914,126.29886221
33.30322747,126.29886208
33.30322593,126.29886197
33.30322445,126.2988619
33.30322314,126.29886184
33.3032217,126.29886177
33.30322023,126.2988617
33.30321885,126.29886163
33.30321715,126.29886155
33.30321563,126.29886146
33.30321425,126.29886137
33.30321303,126.29886128
33.30321168,126.29886119
33.3032103,126.29886109
33.30320901,126.298861
33.30320742,126.2988609
33.30320595,126.29886077
33.30320455,126.2988606
33.30320331,126.29886045
33.30320193,126.29886029
33.30320054,126.29886012
33.30319922,126.29885997
33.3031976,126.29885978
33.3031961,126.29885956
33.30319465,126.2988593
33.30319336,126.29885907
33.30319195,126.29885881
33.3031905,126.29885855
33.30318914,126.29885831
33.30318747,126.29885801
33.30318594,126.2988577
33.30318448,126.29885737
33.3031832,126.29885707
33.30318178,126.29885675
33.30318033,126.29885642
33.30317897,126.2988561
33.3031773,126.29885572
33.30317577,126.29885531
33.30317432,126.29885484
33.30317303,126.29885442
33.30317161,126.29885395
33.30317017,126.29885348
33.3031688,126.29885303
33.30316713,126.29885248
33.30316561,126.29885193
33.30316418,126.29885134
33.30316292,126.29885081
33.30316152,126.29885023
33.3031601,126.29884964
33.30315876,126.29884908
33.30315712,126.29884839
33.30315564,126.29884774
33.30315428,126.29884707
33.30315308,126.29884648
33.30315176,126.29884583
33.30315041,126.29884517
33.30314913,126.29884454
33.30314757,126.29884378
33.30314623,126.29884302
33.30314511,126.29884221
33.30314358,126.2988411
33.30314247,126.2988403
33.30314138,126.29883951
33.30313995,126.29883848
33.30313865,126.29883746
33.30313741,126.29883605
33.30313651,126.29883501
33.30313551,126.29883387
33.30313449,126.29883271
33.30313352,126.29883162
33.30313235,126.29883027
33.30313129,126.29882901
33.30313031,126.29882775
33.30312945,126.29882663
33.30312849,126.2988254
33.30312752,126.29882414
33.3031266,126.29882296
33.30312548,126.2988215
33.30312442,126.29882019
33.30312335,126.29881895
33.3031224,126.29881785
33.30312135,126.29881664
33.30312028,126.29881541
33.30311928,126.29881425
33.30311805,126.29881282
33.30311694,126.29881153
33.30311591,126.29881031
33.30311501,126.29880924
33.30311401,126.29880805
33.30311299,126.29880684
33.30311202,126.2988057
33.30311085,126.29880431
33.30310979,126.29880306
33.30310881,126.29880191
33.30310795,126.2988009
33.30310699,126.29879978
33.30310602,126.29879865
33.3031051,126.29879757
33.30310398,126.29879626
33.30310295,126.29879503
33.30310198,126.29879381
33.30310111,126.29879274
33.30310016,126.29879155
33.30309919,126.29879034
33.30309827,126.2987892
33.30309715,126.29878781
33.30309614,126.29878653
33.30309521,126.29878531
33.30309439,126.29878424
33.30309348,126.29878305
33.30309256,126.29878184
33.30309168,126.2987807
33.30309062,126.29877931
33.30308962,126.29877805
33.30308864,126.29877688
33.30308778,126.29877585
33.30308683,126.29877471
33.30308586,126.29877355
33.30308494,126.29877245
33.30308382,126.29877111
33.30308253,126.29876963
33.30308144,126.29876843
33.30308054,126.29876745
33.3030796,126.2987664
33.30307867,126.29876538
33.30307745,126.29876405
33.30307615,126.2987626
33.30307486,126.29876114
33.30307356,126.29875967
33.30307266,126.29875865
33.30307142,126.29875725
33.30307012,126.29875578
33.30306884,126.29875428
33.303068,126.29875329
33.30306707,126.29875219
33.30306612,126.29875108
33.30306523,126.29875003
33.30306413,126.29874874
33.30306311,126.29874754
33.30306211,126.29874635
33.30306123,126.29874529
33.30306025,126.29874413
33.30305925,126.29874295
33.30305831,126.29874183
33.30305716,126.29874046
33.30305609,126.29873919
33.30305505,126.29873795
33.30305412,126.29873685
33.30305309,126.29873564
33.30305205,126.29873441
33.30305107,126.29873325
33.30304986,126.29873182
33.30304876,126.29873051
33.30304771,126.29872925
33.30304678,126.29872813
33.30304576,126.2987269
33.30304472,126.29872564
33.30304373,126.29872446
33.30304253,126.298723
33.30304144,126.2987217
33.30304041,126.29872051
33.30303951,126.29871946
33.30303851,126.2987183
33.30303749,126.29871711
33.30303652,126.29871599
33.30303535,126.29871462
33.30303432,126.2987134
33.30303341,126.29871228
33.30303217,126.29871075
33.30303127,126.29870964
33.30303039,126.29870854
33.30302924,126.29870712
33.30302818,126.29870579
33.30302711,126.29870435
33.30302633,126.29870329
33.30302547,126.29870213
33.30302459,126.29870094
33.30302377,126.29869983
33.30302275,126.29869846
33.3030216,126.29869695
33.30302061,126.29869572
33.30301938,126.29869418
33.30301853,126.29869312
33.30301736,126.29869165
33.30301612,126.29869012
33.30301488,126.29868878
33.30301361,126.29868741
33.30301268,126.29868642
33.30301135,126.29868498
33.30301003,126.29868355
33.30300908,126.29868236
33.30300807,126.29868096
33.30300724,126.29867982
33.30300636,126.29867861
33.3030055,126.29867743
33.30300438,126.29867588
33.30300332,126.29867446
33.30300208,126.29867305
33.30300117,126.29867201
33.30300017,126.29867087
33.30299915,126.29866971
33.30299819,126.29866862
33.30299701,126.29866727
33.30299597,126.29866599
33.30299504,126.29866468
33.30299422,126.29866352
33.30299331,126.29866224
33.30299239,126.29866094
33.30299152,126.29865971
33.30299045,126.2986582
33.30298946,126.29865678
33.30298851,126.29865535
33.30298767,126.29865408
33.30298674,126.29865269
33.30298579,126.29865127
33.30298489,126.29864992
33.3029838,126.29864828
33.30298282,126.2986468
33.30298191,126.29864542
33.30298111,126.29864419
33.30298023,126.29864284
33.30297933,126.29864147
33.30297848,126.29864017
33.30297743,126.29863858
33.30297647,126.29863718
33.30297554,126.29863591
33.30297472,126.2986348
33.30297381,126.29863356
33.30297289,126.29863231
33.30297202,126.29863112
33.30297095,126.29862967
33.30296991,126.29862836
33.30296881,126.29862715
33.30296784,126.29862607
33.30296677,126.29862489
33.30296568,126.29862368
33.30296465,126.29862254
33.30296339,126.29862114
33.30296218,126.29861984
33.30296092,126.29861858
33.3029598,126.29861746
33.30295856,126.29861623
33.30295731,126.29861498
33.30295612,126.29861379
33.3029551,126.29861276
33.30295377,126.29861145
33.30295247,126.29861045
33.30295137,126.2986096
33.30295009,126.29860861
33.30294874,126.29860757
33.30294742,126.29860655
33.30294622,126.29860562
33.30294486,126.29860457
33.30294335,126.29860363
33.30294228,126.29860304
33.30294098,126.29860232
33.30293954,126.29860153
33.30293807,126.29860073
33.30293668,126.29859997
33.30293548,126.29859931
33.30293393,126.29859848
33.3029325,126.29859802
33.30293128,126.29859763
33.30292987,126.29859719
33.30292837,126.29859671
33.30292691,126.29859625
33.30292558,126.29859583
33.30292408,126.29859535
33.30292247,126.29859501
33.30292069,126.29859473
33.30291924,126.29859451
33.3029177,126.29859427
33.30291619,126.29859404
33.30291481,126.29859383
33.30291327,126.29859359
33.30291161,126.29859342
33.30291045,126.29859333
33.30290904,126.29859323
33.30290748,126.29859311
33.30290589,126.29859299
33.30290439,126.29859288
33.3029031,126.29859278
33.30290143,126.29859268
33.30289997,126.29859309
33.30289873,126.29859344
33.3028973,126.29859385
33.30289579,126.29859427
33.3028943,126.29859469
33.30289295,126.29859507
33.30289142,126.2985955
33.30288984,126.29859608
33.30288875,126.29859652
33.30288742,126.29859707
33.30288596,126.29859768
33.30288447,126.29859829
33.30288306,126.29859887
33.30288184,126.29859938
33.30288027,126.29860004
33.30287902,126.29860083
33.302877960000004,126.29860151
33.30287673,126.29860229
33.30287542,126.29860312
33.30287414,126.29860394
33.30287298,126.29860468
33.3028714,126.29860568
33.30287,126.29860695
33.30286905,126.29860786
33.30286795,126.29860891
33.30286679,126.29861003
33.30286565,126.29861112
33.30286462,126.29861211
33.30286345,126.29861323
33.30286237,126.29861455
33.30286127,126.29861608
33.30286038,126.29861734
33.30285943,126.29861866
33.3028585,126.29861997
33.30285765,126.29862115
33.3028565,126.29862276
33.30285584,126.29862409
33.30285499,126.29862598
33.3028543,126.29862752
33.30285357,126.29862916
33.30285284,126.29863076
33.30285219,126.29863222
33.30285145,126.29863386
33.30285077,126.29863564
33.30285009,126.29863761
33.30284953,126.29863922
33.30284893,126.29864093
33.30284835,126.2986426
33.30284783,126.29864412
33.30284723,126.29864583
33.30284675,126.29864764
33.30284631,126.29864961
33.30284595,126.29865122
33.30284557,126.29865293
33.3028452,126.2986546
33.30284486,126.29865612
33.3028444,126.29865819
33.30284421,126.29866022
33.30284412,126.29866161
33.30284401,126.29866322
33.30284389,126.29866493
33.30284377,126.2986666
33.30284366,126.29866812
33.30284352,126.29867019
33.30284369,126.2986721
33.30284393,126.29867413
33.30284412,126.29867568
33.30284431,126.29867727
33.30284449,126.29867877
33.30284471,126.2986806
33.30284498,126.29868233
33.30284536,126.29868404
33.3028457,126.29868556
33.30284607,126.29868724
33.30284645,126.29868894
33.30284681,126.29869055
33.30284725,126.29869252
33.30284766,126.2986943
33.30284806,126.29869594
33.30284842,126.2986974
33.30284882,126.298699
33.30284922,126.29870064
33.3028496,126.29870218
33.30285006,126.29870407
33.30285055,126.29870607
33.30285094,126.29870763
33.30285142,126.29870958
33.30285191,126.29871158
33.30285233,126.29871331
33.30285277,126.29871518
33.30285314,126.29871708
33.30285352,126.298719
33.3028539,126.29872097
33.30285424,126.29872266
33.30285462,126.29872457
33.30285493,126.29872605
33.30285535,126.29872807
33.30285566,126.29872953
33.30285596,126.29873098
33.30285636,126.29873285
33.30285683,126.29873485
33.30285744,126.29873675
33.30285806,126.29873867
33.30285869,126.29874063
33.30285924,126.29874233
33.30285987,126.29874415
33.30286062,126.29874596
33.30286137,126.29874777
33.30286214,126.29874963
33.30286281,126.29875123
33.30286357,126.29875302
33.30286419,126.29875438
33.30286504,126.29875624
33.30286565,126.29875759
33.30286626,126.29875891
33.30286705,126.29876064
33.30286792,126.29876249
33.30286888,126.29876429
33.30286983,126.2987661
33.3028705,126.29876736
33.30287141,126.29876908
33.30287236,126.29877089
33.30287303,126.29877255
33.30287371,126.29877424
33.30287446,126.29877609
33.30287514,126.29877778
33.3028759,126.29877969
33.30287648,126.29878149
33.30287699,126.29878306
33.30287752,126.29878467
33.3028781,126.29878644
33.30287888,126.29878829
33.30287958,126.29878971
33.30288039,126.29879136
33.30288117,126.29879297
33.30288207,126.2987948
33.30288312,126.29879635
33.30288407,126.29879769
33.3028851,126.29879914
33.30288604,126.29880048
33.30288711,126.29880205
33.30288786,126.29880355
33.30288871,126.29880524
33.30288932,126.29880647
33.30289021,126.29880825
33.30289109,126.29881002
33.30289205,126.29881176
33.30289296,126.29881337
33.30289365,126.2988146
33.30289437,126.29881586
33.30289534,126.29881758
33.30289633,126.29881933
33.30289723,126.29882115
33.3028981,126.29882294
33.30289874,126.29882424
33.30289937,126.29882552
33.30290019,126.29882719
33.30290097,126.29882874
33.30290192,126.29883035
33.30290262,126.29883153
33.30290339,126.29883283
33.30290417,126.29883416
33.30290491,126.29883541
33.30290581,126.29883694
33.30290663,126.29883839
33.30290739,126.29883985
33.30290807,126.29884113
33.30290881,126.29884255
33.30290957,126.298844
33.30291028,126.29884536
33.30291116,126.29884703
33.302912,126.29884846
33.30291286,126.29884965
33.30291403,126.29885128
33.30291488,126.29885246
33.30291572,126.29885363
33.30291681,126.29885514
33.30291782,126.29885654
33.30291886,126.29885795
33.30292003,126.29885955
33.30292088,126.29886071
33.30292172,126.29886185
33.30292281,126.29886333
33.30292398,126.29886495
33.30292479,126.29886612
33.3029259,126.29886771
33.3029267,126.29886887
33.30292749,126.29887001
33.30292852,126.2988715
33.30292955,126.29887317
33.30293037,126.29887504
33.30293119,126.29887692
33.30293176,126.29887822
33.30293254,126.29888001
33.30293338,126.29888186
33.30293489,126.29888266
33.30293642,126.29888347
33.30293753,126.29888406
33.30293914,126.29888492
33.30294073,126.29888577
33.30294177,126.29888677
33.30294281,126.29888812
33.30294366,126.29888921
33.30294456,126.29889037
33.30294544,126.29889151
33.30294659,126.298893
33.30294784,126.29889453
33.3029491,126.29889585
33.30295036,126.29889718
33.30295166,126.29889855
33.30295278,126.29889974
33.30295404,126.29890104
33.30295502,126.29890202
33.30295636,126.29890335
33.30295733,126.29890433
33.30295828,126.29890528
33.30295952,126.29890652
33.30296088,126.2989079
33.30296185,126.29890892
33.30296319,126.29891032
33.30296416,126.29891134
33.30296511,126.29891234
33.30296636,126.29891364
33.30296754,126.29891486
33.30296895,126.29891619
33.30296999,126.29891716
33.30297112,126.29891822
33.30297229,126.29891931
33.30297338,126.29892034
33.30297472,126.2989216
33.30297592,126.29892271
33.30297702,126.29892369
33.30297799,126.29892455
33.30297906,126.2989255
33.30298015,126.29892648
33.30298118,126.29892739
33.30298244,126.29892852
33.30298386,126.29892977
33.30298507,126.29893081
33.30298605,126.29893166
33.30298709,126.29893256
33.30298812,126.29893344
33.30298945,126.29893459
33.30299069,126.29893567
33.30299195,126.29893682
33.30299339,126.29893812
33.30299443,126.29893907
33.30299545,126.29894
33.30299678,126.29894121
33.30299802,126.29894235
33.30299929,126.29894362
33.30300021,126.29894455
33.30300124,126.29894557
33.30300228,126.29894661
33.30300327,126.2989476
33.30300447,126.2989488
33.30300582,126.2989502
33.30300694,126.2989514
33.30300786,126.29895238
33.30300883,126.29895343
33.30300978,126.29895445
33.30301102,126.29895578
33.30301217,126.29895701
33.30301335,126.29895822
33.30301469,126.29895959
33.30301566,126.29896058
33.30301661,126.29896156
33.30301786,126.29896283
33.30301918,126.29896419
33.30302048,126.29896552
33.30302177,126.29896685
33.30302311,126.29896822
33.30302426,126.2989694
33.30302553,126.29897072
33.30302685,126.29897215
33.30302818,126.29897358
33.30302911,126.29897458
33.30303038,126.29897594
33.30303171,126.29897738
33.30303267,126.2989784
33.30303394,126.29897977
33.30303492,126.29898081
33.30303591,126.29898188
33.30303685,126.29898289
33.303038,126.29898412
33.30303917,126.29898548
33.3030404,126.29898705
33.30304152,126.29898849
33.30304262,126.29898989
33.3030437,126.29899129
33.30304473,126.29899238
33.30304599,126.29899361
33.30304702,126.29899462
33.30304811,126.29899568
33.30304918,126.29899673
33.30305015,126.29899768
33.30305147,126.29899897
33.30305269,126.29900017
33.30305399,126.29900144
33.30305499,126.29900242
33.30305601,126.29900341
33.30305698,126.29900435
33.30305815,126.2990055
33.30305955,126.29900685
33.30306078,126.29900802
33.30306178,126.29900899
33.30306285,126.29901
33.3030639,126.299011
33.30306526,126.29901231
33.30306653,126.29901352
33.30306789,126.29901482
33.30306888,126.29901577
33.30306997,126.29901681
33.30307108,126.29901788
33.30307214,126.29901889
33.30307342,126.29902012
33.30307459,126.29902129
33.30307569,126.29902248
33.30307666,126.29902354
33.30307773,126.2990247
33.30307882,126.29902589
33.30307985,126.299027
33.3030811,126.29902837
33.30308222,126.29902954
33.30308322,126.29903052
33.30308459,126.29903185
33.30308558,126.29903283
33.30308656,126.29903378
33.30308783,126.29903502
33.30308919,126.2990364
33.30309012,126.29903745
33.30309139,126.29903888
33.30309232,126.29903993
33.30309322,126.29904095
33.3030944,126.29904228
33.30309553,126.29904352
33.30309689,126.29904482
33.30309788,126.29904577
33.30309897,126.29904681
33.30310008,126.29904788
33.30310114,126.29904889
33.30310242,126.29905012
33.30310362,126.29905123
33.30310479,126.29905225
33.30310582,126.29905316
33.30310696,126.29905416
33.30310812,126.29905518
33.30310922,126.29905614
33.30311056,126.29905732
33.30311175,126.29905844
33.30311282,126.29905958
33.30311377,126.2990606
33.30311482,126.29906171
33.30311588,126.29906285
33.30311689,126.29906392
33.30311812,126.29906524
33.30311927,126.29906642
33.30312039,126.29906752
33.30312138,126.29906849
33.30312247,126.29906956
33.30312358,126.29907065
33.30312464,126.29907168
33.30312592,126.29907294
33.30312715,126.29907403
33.30312838,126.29907499
33.30312948,126.29907583
33.30313069,126.29907676
33.30313192,126.29907771
33.30313309,126.2990786
33.30313451,126.2990797
33.30313577,126.29908062
33.30313689,126.29908136
33.30313842,126.29908237
33.30313953,126.2990831
33.30314062,126.29908382
33.30314205,126.29908476
33.30314354,126.29908574
33.30314489,126.29908662
33.30314626,126.29908751
33.30314767,126.29908842
33.3031492,126.29908942
33.3031505,126.29909035
33.30315165,126.29909126
33.30315308,126.29909239
33.30315456,126.29909355
33.30315583,126.29909454
33.30315723,126.29909566
33.30315869,126.29909689
33.30316016,126.29909812
33.30316118,126.29909897
33.30316258,126.29910014
33.30316404,126.29910137
33.30316526,126.29910239
33.30316649,126.29910343
33.30316784,126.29910457
33.30316908,126.29910561
33.30317048,126.29910681
33.3031718,126.29910809
33.30317296,126.29910922
33.30317416,126.29911038
33.30317546,126.29911164
33.30317679,126.29911298
33.30317779,126.29911401
33.30317895,126.2991152
33.30318007,126.29911636
33.30318136,126.29911769
33.30318259,126.29911896
33.30318366,126.29912006
33.30318483,126.29912127
33.30318591,126.29912238
33.30318723,126.29912379
33.30318835,126.29912523
33.30318953,126.29912673
33.30319057,126.29912807
33.30319155,126.29912976
33.30319222,126.29913139
33.30319297,126.29913322
33.30319369,126.29913497
33.30319426,126.29913695
33.30319469,126.29913855
33.30319515,126.29914028
33.30319569,126.29914233
33.30319622,126.29914408
33.30319679,126.29914558
33.3031973,126.29914691
33.30319786,126.29914837
33.30319843,126.29914987
33.30319896,126.29915128
33.30319962,126.299153
33.30320018,126.29915464
33.30320063,126.29915631
33.30320103,126.29915779
33.30320147,126.29915942
33.30320192,126.29916107
33.30320235,126.29916264
33.30320287,126.29916456
33.3032034,126.29916638
33.30320399,126.29916821
33.30320452,126.29916983
33.3032051,126.29917162
33.30320569,126.29917345
33.30320625,126.29917517
33.30320674,126.29917666
33.30320736,126.29917858
33.30320788,126.29918036
33.30320833,126.29918187
33.30320884,126.29918362
33.30320939,126.29918546
33.30320992,126.29918728
33.30321041,126.29918892
33.30321095,126.29919078
33.30321145,126.29919248
33.30321194,126.29919418
33.30321235,126.29919557
33.30321277,126.29919703
33.30321319,126.29919848
33.30321374,126.29920035
33.3032143,126.29920233
33.30321481,126.29920417
33.30321533,126.29920601
33.30321585,126.29920791
33.30321631,126.29920954
33.30321677,126.29921139
33.30321714,126.29921342
33.30321752,126.29921547
33.30321778,126.2992169
33.30321814,126.29921885
33.30321851,126.2992209
33.30321886,126.29922288
33.30321922,126.2992249
33.30321948,126.29922637
33.30321974,126.29922781
33.30322007,126.29922969
33.30322044,126.29923177
33.30322073,126.29923331
33.30322098,126.29923468
33.30322126,126.2992362
33.30322155,126.29923773
33.30322181,126.29923919
33.30322214,126.29924097
33.30322247,126.29924262
33.30322283,126.29924421
33.30322315,126.29924563
33.30322349,126.29924718
33.30322385,126.29924877
33.30322418,126.29925027
33.3032246,126.2992521
33.30322499,126.29925377
33.30322539,126.29925531
33.30322575,126.29925668
33.30322615,126.2992582
33.30322655,126.29925973
33.30322693,126.29926119
33.3032274,126.29926297
33.30322794,126.299265
33.3032284,126.29926672
33.30322878,126.29926813
33.30322918,126.29926962
33.30322958,126.29927109
33.30323009,126.299273
33.30323057,126.29927478
33.30323106,126.29927668
33.30323142,126.29927807
33.30323182,126.29927961
33.30323222,126.29928117
33.3032326,126.29928265
33.30323306,126.29928445
33.30323355,126.29928609
33.30323409,126.29928761
33.30323458,126.29928896
33.30323511,126.29929045
33.30323566,126.29929197
33.30323617,126.2992934
33.3032368,126.29929515
33.30323743,126.2992968
33.30323812,126.29929845
33.30323874,126.2992999
33.30323941,126.2993015
33.3032401,126.29930314
33.30324075,126.29930468
33.30324154,126.29930657
33.30324225,126.29930821
33.30324289,126.29930961
33.30324346,126.29931086
33.30324409,126.29931223
33.30324473,126.29931363
33.30324533,126.29931495
33.30324607,126.29931656
33.30324681,126.2993185
33.30324735,126.29932025
33.30324796,126.29932222
33.30324855,126.29932411
33.30324905,126.29932596
33.30324953,126.29932783
33.30325002,126.29932964
33.30325055,126.29933141
33.30325113,126.29933338
33.30325182,126.2993352
33.3032525,126.29933697
33.30325309,126.29933891
33.30325357,126.29934092
33.30325407,126.29934276
33.30325461,126.29934447
33.30325517,126.29934627
33.30325588,126.29934824
33.30325655,126.29934982
33.3032573,126.29935161
33.3032581,126.2993535
33.30325902,126.29935467
33.30326012,126.29935594
33.30326138,126.29935741
33.30326261,126.29935885
33.30326383,126.29936028
33.30326486,126.29936157
33.30326607,126.29936313
33.30326705,126.2993644
33.30326809,126.29936575
33.30326912,126.29936708
33.30327005,126.29936828
33.30327109,126.29936964
33.30327204,126.29937116
33.30327297,126.29937289
33.30327373,126.2993743
33.30327454,126.29937579
33.30327533,126.29937725
33.30327604,126.29937858
33.30327685,126.29938008
33.30327756,126.29938155
33.30327825,126.29938308
33.30327881,126.29938434
33.3032794,126.29938566
33.30327998,126.29938697
33.30328074,126.29938866
33.30328153,126.29939045
33.30328224,126.29939212
33.30328296,126.29939379
33.3032837,126.29939551
33.3032845,126.29939739
33.30328541,126.29939924
33.30328613,126.2994006
33.30328698,126.29940218
33.3032878,126.29940372
33.30328873,126.29940547
33.30328969,126.29940715
33.30329054,126.29940862
33.30329146,126.29941021
33.30329231,126.29941168
33.30329327,126.29941333
33.30329425,126.29941481
33.3032951,126.29941611
33.30329598,126.29941744
33.30329694,126.2994189
33.30329796,126.29942052
33.3032988,126.2994219
33.30329968,126.29942333
33.30330068,126.29942497
33.30330158,126.29942645
33.30330252,126.299428
33.30330352,126.29942964
33.30330443,126.29943132
33.30330523,126.29943287
33.30330606,126.29943449
33.30330691,126.29943616
33.30330781,126.299438
33.30330865,126.29943974
33.30330955,126.29944158
33.30331038,126.2994431
33.30331134,126.29944472
33.30331216,126.29944611
33.30331312,126.29944774
33.30331401,126.29944935
33.30331486,126.29945099
33.30331563,126.2994525
33.30331638,126.29945397
33.30331731,126.29945578
33.30331824,126.29945752
33.30331921,126.29945931
33.30332014,126.29946104
33.30332104,126.29946267
33.30332202,126.29946433
33.30332306,126.29946607
33.30332398,126.29946762
33.30332483,126.2994691
33.30332564,126.29947056
33.30332662,126.29947234
33.3033275,126.29947393
33.30332838,126.29947567
33.30332924,126.29947754
33.30332998,126.29947915
33.3033308,126.29948097
33.30333158,126.29948283
33.30333239,126.29948474
33.30333316,126.29948651
33.30333392,126.29948817
33.30333472,126.2994899
33.30333556,126.29949175
33.30333616,126.29949349
33.30333673,126.29949546
33.30333726,126.29949733
33.30333781,126.29949907
33.30333835,126.29950066
33.30333896,126.29950244
33.30333961,126.29950434
33.30334036,126.29950623
33.30334109,126.29950807
33.3033418,126.29950984
33.30334249,126.29951154
33.30334325,126.29951338
33.30334405,126.29951531
33.30334476,126.29951702
33.30334551,126.29951866
33.30334636,126.29952027
33.30334713,126.29952175
33.30334788,126.29952318
33.30334883,126.299525
33.30334963,126.29952652
33.30335041,126.29952802
33.30335126,126.29952965
33.30335204,126.29953115
33.30335293,126.29953287
33.30335359,126.29953425
33.30335434,126.29953581
33.30335516,126.29953752
33.30335591,126.29953908
33.30335674,126.29954084
33.3033574,126.29954248
33.30335798,126.29954392
33.30335858,126.29954539
33.30335934,126.29954728
33.30336006,126.29954912
33.30336061,126.29955055
33.30336122,126.29955211
33.30336193,126.29955395
33.30336263,126.2995556
33.30336336,126.29955706
33.30336425,126.29955884
33.30336505,126.29956043
33.303366,126.29956221
33.30336688,126.29956376
33.30336786,126.2995655
33.30336881,126.29956716
33.30336966,126.29956895
33.30337031,126.29957038
33.30337102,126.29957195
33.30337186,126.29957378
33.3033726,126.29957562
33.30337325,126.29957754
33.30337385,126.2995793
33.30337443,126.299581
33.30337509,126.29958295
33.30337573,126.29958485
33.30337628,126.29958651
33.30337688,126.29958832
33.30337744,126.29958998
33.30337806,126.29959192
33.3033785,126.29959361
33.30337898,126.29959554
33.30337934,126.29959693
33.30337985,126.29959895
33.30338036,126.29960095
33.30338063,126.29960259
33.30338085,126.29960448
33.30338102,126.29960602
33.30338121,126.29960766
33.3033814,126.29960926
33.30338164,126.29961135
33.30338189,126.29961331
33.30338214,126.29961474
33.30338239,126.29961615
33.30338269,126.29961779
33.30338299,126.29961952
33.3033833,126.29962121
33.30338357,126.29962275
33.30338388,126.29962449
33.30338428,126.29962632
33.30338478,126.29962832
33.30338518,126.29962995
33.30338561,126.29963168
33.30338603,126.29963338
33.3033864,126.29963492
33.30338683,126.29963666
33.30338727,126.29963849
33.30338773,126.29964049
33.30338811,126.29964212
33.30338852,126.29964385
33.30338891,126.29964555
33.30338927,126.29964709
33.30338968,126.29964882
33.30339004,126.29965062
33.30339039,126.29965257
33.30339069,126.29965416
33.30339099,126.29965584
33.3033913,126.29965749
33.30339157,126.29965899
33.30339194,126.29966103
33.30339233,126.29966307
33.3033926,126.29966449
33.30339292,126.29966612
33.30339325,126.29966785
33.30339358,126.29966955
33.30339387,126.29967109
33.3033942,126.29967282
33.30339465,126.29967453
33.3033952,126.29967631
33.30339564,126.29967776
33.30339612,126.2996793
33.30339658,126.29968081
33.30339719,126.29968278
33.30339774,126.2996846
33.30339826,126.29968641
33.30339864,126.29968774
33.30339906,126.29968921
33.30339949,126.2996907
33.30339989,126.29969211
33.30340038,126.29969383
33.30340087,126.29969585
33.30340123,126.2996976
33.30340152,126.29969903
33.30340183,126.29970055
33.30340213,126.29970203
33.30340252,126.29970397
33.30340294,126.29970605
33.30340335,126.29970809
33.30340376,126.29971014
33.30340405,126.29971156
33.30340444,126.29971352
33.30340484,126.29971555
33.30340527,126.2997174
33.30340573,126.29971943
33.30340617,126.29972138
33.30340662,126.29972345
33.30340701,126.29972546
33.30340742,126.29972747
33.30340792,126.29972933
33.30340844,126.29973124
33.30340897,126.29973322
33.30340948,126.29973526
33.30340999,126.29973731
33.30341035,126.29973873
33.30341084,126.29974068
33.30341133,126.29974267
33.30341162,126.29974441
33.30341185,126.29974582
33.30341212,126.29974745
33.3034124,126.29974918
33.30341268,126.29975088
33.30341294,126.29975242
33.30341328,126.29975452
33.30341364,126.2997565
33.30341389,126.29975786
33.30341419,126.29975942
33.30341449,126.29976108
33.3034148,126.29976271
33.30341507,126.29976419
33.30341544,126.2997662
33.30341579,126.29976814
33.30341615,126.29977023
33.30341643,126.29977184
33.30341671,126.29977347
33.30341698,126.29977502
33.30341731,126.29977691
33.30341765,126.29977866
33.30341803,126.29978038
33.30341837,126.2997819
33.30341874,126.29978357
33.30341912,126.29978528
33.30341948,126.29978689
33.30341991,126.29978886
33.30342032,126.29979064
33.30342073,126.29979231
33.30342109,126.29979379
33.30342148,126.29979542
33.30342188,126.29979707
33.30342227,126.29979864
33.30342273,126.29980056
33.3034232,126.29980229
33.30342373,126.29980391
33.30342419,126.29980535
33.3034247,126.29980693
33.30342522,126.29980854
33.30342572,126.29981006
33.30342632,126.29981192
33.30342689,126.29981363
33.30342746,126.29981525
33.30342797,126.29981668
33.30342852,126.29981826
33.30342909,126.29981987
33.30342963,126.29982139
33.30343029,126.29982325
33.30343089,126.29982497
33.30343146,126.29982661
33.30343197,126.29982807
33.30343252,126.29982967
33.30343309,126.29983131
33.30343363,126.29983285
33.30343429,126.29983474
33.30343487,126.29983647
33.30343539,126.29983811
33.30343586,126.29983957
33.30343637,126.29984117
33.30343689,126.29984281
33.30343738,126.29984435
33.30343798,126.29984624
33.30343847,126.29984796
33.30343883,126.29984958
33.30343915,126.29985101
33.30343949,126.29985259
33.30343985,126.2998542
33.30344018,126.29985573
33.3034406,126.29985759
33.30344105,126.29985934
33.30344163,126.29986108
33.30344213,126.29986262
33.30344269,126.29986431
33.30344326,126.29986604
33.3034438,126.29986768
33.30344445,126.29986968
33.30344501,126.29987143
33.30344546,126.29987298
33.30344586,126.29987435
33.3034463,126.29987586
33.30344675,126.2998774
33.30344718,126.29987886
33.3034477,126.29988064
33.3034483,126.29988257
33.30344882,126.29988413
33.30344947,126.29988608
33.30344992,126.29988743
33.30345054,126.29988928
33.30345118,126.29989121
33.30345164,126.29989289
33.30345215,126.29989474
33.30345264,126.29989651
33.30345324,126.29989845
33.30345389,126.29990015
33.30345462,126.29990205
33.30345519,126.29990381
33.30345581,126.29990574
33.30345629,126.29990738
33.30345679,126.29990922
33.30345721,126.29991078
33.30345771,126.29991262
33.30345833,126.29991446
33.30345914,126.29991637
33.30345987,126.29991813
33.30346059,126.29991984
33.30346131,126.29992154
33.30346205,126.2999229
33.30346301,126.29992446
33.3034638,126.29992574
33.30346462,126.29992709
33.30346544,126.29992841
33.3034665,126.29993014
33.30346747,126.29993172
33.30346839,126.29993322
33.30346943,126.29993491
33.30347019,126.29993614
33.30347093,126.29993735
33.3034719,126.29993893
33.30347294,126.29994065
33.30347366,126.29994192
33.30347463,126.29994364
33.30347534,126.2999449
33.30347604,126.29994613
33.30347695,126.29994773
33.30347799,126.29994945
33.30347882,126.29995062
33.30347996,126.29995221
33.30348079,126.29995337
33.30348161,126.29995451
33.30348267,126.299956
33.30348364,126.29995741
33.30348462,126.29995905
33.30348534,126.29996025
33.30348613,126.29996158
33.30348694,126.29996293
33.3034877,126.2999642
33.30348863,126.29996576
33.3034895,126.29996721
33.30349036,126.29996861
33.30349112,126.29996986
33.30349195,126.29997123
33.3034928,126.29997263
33.30349361,126.29997395
33.3034946,126.29997556
33.30349551,126.29997702
33.30349639,126.29997838
33.30349717,126.29997958
33.30349803,126.29998091
33.30349891,126.29998226
33.30349973,126.29998354
33.30350075,126.2999851
33.30350163,126.29998652
33.30350239,126.29998785
33.30350307,126.29998903
33.30350381,126.29999033
33.30350457,126.29999166
33.30350528,126.29999291
33.30350616,126.29999444
33.30350709,126.29999612
33.30350783,126.29999749
33.30350876,126.2999992
33.3035097,126.30000096
33.30351052,126.30000247
33.30351145,126.30000409
33.30351251,126.30000565
33.30351357,126.30000722
33.30351465,126.30000884
33.30351559,126.30001023
33.30351661,126.30001174
33.30351763,126.30001323
33.30351865,126.30001474
33.30351971,126.30001628
33.30352062,126.30001762
33.30352162,126.30001903
33.30352267,126.30002035
33.30352373,126.30002168
33.30352482,126.30002305
33.30352601,126.30002455
33.30352696,126.30002588
33.30352775,126.30002711
33.30352874,126.30002865
33.30352976,126.30003023
33.30353064,126.30003159
33.30353154,126.30003311
33.30353228,126.30003474
33.30353304,126.30003638
33.30353381,126.30003807
33.30353465,126.3000399
33.30353555,126.30004169
33.30353651,126.30004349
33.30353732,126.30004501
33.30353828,126.30004681
33.30353914,126.3000483
33.30353992,126.30004952
33.303541,126.30005118
33.30354178,126.30005239
33.30354255,126.30005357
33.30354355,126.30005512
33.30354456,126.30005687
33.30354516,126.30005825
33.30354597,126.30006014
33.30354657,126.30006151
33.30354715,126.30006286
33.3035479,126.30006462
33.30354861,126.30006624
33.30354939,126.30006791
33.30354996,126.30006914
33.30355059,126.30007049
33.30355123,126.30007186
33.30355183,126.30007316
33.30355257,126.30007475
33.30355351,126.30007655
33.30355438,126.30007808
33.3035551,126.30007934
33.30355586,126.30008066
33.3035566,126.30008197
33.30355757,126.30008366
33.30355845,126.30008522
33.30355923,126.30008675
33.3035601,126.30008848
33.30356074,126.30008973
33.30356167,126.30009154
33.30356258,126.30009334
33.30356374,126.30009483
33.30356496,126.30009616
33.30356624,126.30009757
33.30356747,126.30009869
33.3035687,126.3000998
33.30357002,126.30010117
33.30357092,126.30010283
33.30357185,126.30010457
33.30357269,126.30010612
33.30357385,126.30010751
33.30357502,126.30010838
33.30357649,126.30010947
33.30357801,126.3001106
33.30357931,126.30011157
33.30358073,126.30011275
33.30358175,126.30011382
33.30358266,126.30011477
33.30358366,126.30011581
33.30358468,126.30011688
33.30358564,126.30011789
33.30358682,126.30011912
33.30358777,126.30012041
33.30358846,126.30012191
33.30358907,126.30012324
33.30358974,126.30012471
33.30359043,126.3001262
33.30359108,126.30012761
33.30359187,126.30012933
33.30359265,126.30013096
33.30359346,126.30013258
33.30359417,126.30013401
33.30359496,126.30013559
33.30359577,126.3001372
33.30359653,126.30013873
33.30359719,126.30014004
33.30359804,126.30014174
33.30359881,126.30014336
33.30359947,126.30014473
33.30360023,126.30014632
33.30360104,126.300148
33.30360183,126.30014965
33.30360254,126.30015115
33.30360335,126.30015284
33.30360416,126.3001547
33.30360469,126.30015601
33.30360534,126.30015761
33.30360607,126.30015938
33.3036068,126.30016118
33.30360749,126.30016288
33.30360809,126.30016435
33.30360887,126.30016625
33.30360955,126.30016805
33.30361013,126.30016958
33.3036108,126.30017135
33.30361151,126.30017322
33.30361221,126.30017506
33.30361284,126.30017672
33.30361356,126.3001786
33.30361418,126.30018004
33.30361509,126.30018188
33.30361589,126.3001835
33.30361677,126.30018529
33.30361767,126.30018711
33.30361852,126.30018884
33.30361926,126.30019033
33.30362017,126.30019217
33.30362105,126.30019379
33.30362177,126.3001951
33.30362259,126.30019663
33.30362347,126.30019824
33.30362433,126.30019982
33.30362511,126.30020125
33.30362599,126.30020287
33.30362692,126.30020429
33.30362793,126.30020566
33.30362876,126.30020678
33.30362964,126.30020796
33.3036305,126.30020913
33.30363162,126.30021064
33.30363275,126.30021199
33.30363391,126.30021274
33.30363505,126.30021347
33.30363637,126.30021432
33.30363777,126.30021522
33.30363914,126.30021611
33.30364038,126.30021691
33.30364179,126.30021781
33.30364343,126.30021842
33.30364461,126.30021869
33.30364607,126.30021903
33.30364767,126.3002194
33.30364931,126.30021978
33.30365085,126.30022014
33.30365219,126.30022045
33.30365391,126.30022082
33.30365548,126.30022066
33.30365681,126.30022053
33.30365836,126.30022037
33.30365999,126.30022021
33.3036616,126.30022004
33.30366305,126.3002199
33.3036647,126.30021973
33.30366639,126.3002194
33.30366755,126.3002191
33.30366896,126.30021874
33.30367052,126.30021835
33.3036721,126.30021795
33.3036736,126.30021757
33.3036749,126.30021724
33.30367657,126.30021681
33.30367807,126.30021638
33.30367935,126.30021601
33.30368083,126.30021559
33.30368239,126.30021514
33.30368393,126.30021469
33.30368532,126.30021429
33.30368689,126.30021384
33.30368853,126.30021349
33.30369031,126.30021319
33.30369176,126.30021294
33.3036933,126.30021268
33.30369481,126.30021243
33.30369619,126.3002122
33.30369773,126.30021193
33.3036992,126.30021142
33.30370071,126.30021071
33.30370194,126.30021013
33.30370324,126.30020951
33.30370452,126.30020891
33.30370619,126.30020812
33.30370772,126.30020734
33.30370918,126.30020628
33.30371026,126.3002055
33.30371145,126.30020464
33.30371265,126.30020376
33.3037138,126.30020293
33.30371519,126.30020192
33.30371645,126.30020093
33.30371762,126.30019988
33.30371865,126.30019895
33.30371979,126.30019793
33.30372095,126.30019688
33.30372205,126.3001959
33.30372339,126.3001947
33.30372463,126.30019357
33.30372582,126.30019248
33.30372687,126.30019151
33.30372804,126.30019044
33.30372922,126.30018935
33.30373034,126.30018832
33.30373171,126.30018706
33.3037329,126.30018589
33.30373392,126.30018475
33.30373483,126.30018373
33.30373583,126.30018262
33.30373685,126.30018148
33.30373781,126.30018041
33.30373899,126.30017909
33.30374014,126.30017751
33.30374096,126.30017608
33.30374163,126.30017492
33.30374234,126.30017369
33.30374304,126.30017248
33.30374395,126.30017091
33.3037448,126.30016905
33.30374513,126.30016745
33.30374542,126.30016604
33.30374575,126.30016448
33.30374608,126.30016289
33.30374639,126.30016139
33.30374678,126.30015956
33.30374705,126.30015783
33.30374716,126.30015612
33.30374727,126.3001546
33.30374739,126.30015293
33.30374751,126.30015122
33.30374762,126.30014961
33.30374775,126.30014764
33.30374778,126.30014583
33.30374763,126.30014412
33.30374751,126.3001426
33.30374737,126.30014093
33.30374723,126.30013922
33.30374709,126.30013761
33.30374693,126.30013564
33.30374669,126.30013386
33.3037463,126.30013222
33.30374597,126.30013076
33.30374559,126.30012916
33.30374522,126.30012752
33.30374486,126.30012598
33.30374442,126.30012409
33.30374388,126.3001224
33.30374314,126.30012085
33.30374249,126.30011948
33.30374177,126.30011797
33.30374103,126.30011643
33.30374034,126.30011497
33.30373949,126.30011319
33.30373863,126.30011162
33.30373768,126.30011022
33.30373683,126.30010897
33.3037359,126.3001076
33.30373496,126.3001062
33.30373406,126.30010488
33.30373297,126.30010327
33.30373193,126.30010181
33.30373088,126.30010048
33.30372995,126.3000993
33.30372893,126.300098
33.30372789,126.30009667
33.3037269,126.30009542
33.3037257,126.30009389
33.30372458,126.30009261
33.30372348,126.30009161
33.30372251,126.30009072
33.30372144,126.30008975
33.30372035,126.30008875
33.30371932,126.30008781
33.30371806,126.30008666
33.30371691,126.30008553
33.30371581,126.30008431
33.30371484,126.30008324
33.30371377,126.30008205
33.30371268,126.30008084
33.30371165,126.3000797
33.30371039,126.30007831
33.30370934,126.30007703
33.30370851,126.30007581
33.30370737,126.30007415
33.30370654,126.30007295
33.30370573,126.30007176
33.30370467,126.30007021
33.30370354,126.30006862
33.30370245,126.30006723
33.30370136,126.30006583
33.30370023,126.30006438
33.30369901,126.30006281
33.30369783,126.30006174
33.30369668,126.300061
33.30369525,126.30006008
33.30369377,126.30005913
33.3036925,126.30005831
33.30369112,126.30005741
33.30368973,126.30005646
33.30368833,126.3000555
33.30368689,126.30005451
33.30368564,126.30005367
33.30368427,126.3000528
33.30368281,126.30005209
33.30368134,126.30005137
33.30367983,126.30005064
33.30367818,126.30004983
33.30367676,126.30004904
33.30367547,126.30004825
33.30367442,126.3000476
33.3036733,126.30004691
33.30367221,126.30004623
33.30367079,126.30004536
33.3036692,126.30004434
33.30366801,126.30004351
33.30366696,126.30004277
33.3036658,126.30004196
33.30366461,126.30004113
33.30366349,126.30004034
33.30366212,126.30003939
33.30366091,126.30003838
33.30365981,126.30003721
33.30365884,126.30003618
33.30365777,126.30003504
33.30365668,126.30003388
33.30365565,126.30003278
33.30365439,126.30003144
33.30365322,126.30003015
33.30365208,126.30002881
33.30365107,126.30002763
33.30364995,126.30002633
33.30364882,126.30002501
33.30364774,126.30002375
33.30364681,126.30002267
33.30364562,126.30002127
33.30364464,126.30002009
33.30364381,126.30001908
33.30364285,126.30001792
33.30364183,126.30001669
33.30364083,126.30001548
33.30363992,126.30001438
33.30363868,126.30001289
33.30363747,126.30001147
33.30363664,126.3000105
33.30363568,126.30000939
33.30363466,126.3000082
33.30363366,126.30000704
33.30363275,126.30000598
33.30363152,126.30000454
33.30363033,126.30000307
33.30362952,126.30000204
33.30362858,126.30000086
33.30362758,126.2999996
33.30362661,126.29999837
33.30362572,126.29999725
33.30362451,126.29999572
33.3036234,126.29999428
33.30362222,126.29999274
33.30362131,126.29999155
33.30362039,126.29999034
33.30361952,126.2999892
33.30361845,126.29998781
33.30361747,126.29998649
33.30361654,126.29998518
33.30361572,126.29998402
33.30361481,126.29998274
33.30361389,126.29998144
33.30361302,126.29998021
33.30361195,126.2999787
33.30361099,126.29997729
33.30361011,126.29997588
33.30360933,126.29997464
33.30360847,126.29997327
33.30360759,126.29997187
33.30360677,126.29997055
33.30360575,126.29996893
33.30360483,126.29996744
33.30360398,126.29996598
33.30360322,126.2999647
33.30360238,126.29996328
33.30360153,126.29996183
33.30360072,126.29996047
33.30359974,126.2999588
33.30359889,126.29995721
33.30359818,126.29995562
33.30359754,126.2999542
33.30359684,126.29995265
33.30359613,126.29995106
33.30359546,126.29994956
33.30359464,126.29994773
33.30359387,126.29994611
33.30359311,126.29994468
33.30359243,126.29994342
33.30359169,126.29994202
33.30359093,126.2999406
33.30359022,126.29993926
33.30358934,126.29993762
33.3035885,126.29993616
33.30358764,126.29993485
33.30358688,126.29993369
33.30358605,126.29993241
33.30358519,126.29993111
33.30358439,126.29992988
33.3035834,126.29992837
33.30358255,126.29992697
33.30358181,126.29992562
33.30358115,126.29992441
33.30358043,126.29992309
33.3035797,126.29992174
33.30357901,126.29992046
33.30357816,126.2999189
33.30357737,126.29991702
33.30357685,126.29991532
33.30357642,126.29991393
33.30357597,126.29991246
33.30357553,126.29991102
33.30357495,126.29990914
33.30357446,126.2999074
33.30357417,126.29990562
33.30357384,126.2999036
33.30357361,126.29990213
33.30357337,126.29990069
33.30357307,126.29989881
33.30357275,126.2998967
33.30357254,126.29989508
33.30357235,126.29989365
33.30357214,126.29989207
33.30357192,126.29989046
33.30357172,126.29988894
33.30357148,126.29988708
33.30357121,126.29988526
33.3035709,126.29988336
33.30357063,126.29988167
33.30357033,126.29987981
33.30357002,126.29987791
33.30356973,126.29987612
33.30356948,126.29987457
33.30356916,126.29987258
33.30356895,126.29987071
33.30356878,126.29986912
33.30356858,126.29986729
33.30356836,126.29986534
33.30356815,126.29986344
33.30356796,126.29986171
33.30356775,126.29985976
33.30356754,126.29985775
33.3035674,126.29985639
33.30356723,126.29985472
33.30356705,126.29985288
33.30356686,126.29985101
33.30356668,126.29984925
33.30356652,126.29984772
33.30356632,126.29984575
33.303566000000004,126.29984402
33.30356573,126.29984255
33.30356541,126.29984085
33.30356508,126.29983905
33.30356476,126.29983728
33.30356446,126.29983568
33.30356413,126.29983387
33.30356378,126.29983196
33.30356339,126.29982988
33.30356308,126.29982818
33.30356275,126.29982638
33.30356242,126.29982461
33.30356213,126.29982301
33.3035618,126.2998212
33.30356154,126.29981941
33.30356132,126.29981752
33.30356114,126.29981597
33.30356095,126.29981434
33.30356077,126.29981273
33.30356052,126.29981064
33.3035603,126.29980872
33.30356007,126.29980682
33.3035599,126.29980543
33.30355971,126.29980389
33.30355952,126.29980233
33.30355935,126.29980085
33.30355913,126.29979904
33.30355887,126.29979695
33.30355865,126.29979515
33.30355847,126.29979367
33.30355829,126.29979211
33.3035581,126.29979057
33.30355786,126.29978857
33.30355762,126.29978672
33.30355734,126.29978485
33.30355713,126.29978348
33.30355689,126.29978197
33.30355666,126.29978043
33.30355643,126.29977897
33.30355616,126.29977719
33.30355568,126.29977523
33.30355514,126.29977362
33.30355469,126.29977229
33.30355421,126.2997709
33.30355375,126.29976953
33.30355314,126.29976774
33.30355235,126.29976588
33.30355154,126.29976471
33.30355044,126.29976312
33.30354963,126.29976196
33.30354884,126.29976082
33.30354781,126.29975933
33.30354662,126.29975779
33.30354564,126.29975681
33.30354431,126.29975548
33.30354334,126.2997545
33.30354239,126.29975355
33.30354114,126.29975231
33.30353976,126.29975093
33.30353871,126.29974991
33.30353778,126.299749
33.30353676,126.299748
33.30353572,126.29974699
33.30353473,126.29974602
33.30353353,126.29974485
33.30353215,126.29974358
33.30353098,126.29974257
33.30353001,126.29974174
33.30352899,126.29974086
33.30352799,126.29974
33.30352669,126.29973888
33.30352525,126.29973768
33.30352418,126.29973688
33.30352271,126.29973577
33.30352165,126.29973496
33.3035206,126.29973417
33.30351924,126.29973314
33.30351775,126.29973202
33.30351668,126.29973121
33.30351521,126.2997301
33.30351415,126.2997293
33.3035131,126.29972851
33.30351174,126.29972748
33.30351025,126.29972633
33.30350918,126.29972548
33.30350771,126.2997243
33.30350665,126.29972345
33.3035056,126.29972261
33.30350424,126.29972152
33.30350297,126.2997205
33.30350161,126.29971938
33.30350062,126.29971855
33.30349953,126.29971765
33.30349842,126.29971672
33.30349736,126.29971585
33.30349608,126.29971478
33.3034949,126.29971377
33.30349378,126.29971274
33.30349279,126.29971184
33.3034917,126.29971084
33.30349058,126.29970982
33.30348953,126.29970886
33.30348824,126.29970768
33.30348707,126.29970662
33.30348595,126.29970564
33.30348496,126.29970478
33.30348386,126.29970383
33.30348275,126.29970285
33.3034817,126.29970194
33.30348041,126.29970081
33.3034792,126.29969981
33.30347801,126.29969891
33.30347696,126.29969811
33.3034758,126.29969722
33.30347461,126.29969632
33.30347349,126.29969547
33.30347212,126.29969443
33.30347084,126.29969351
33.30346958,126.29969268
33.30346846,126.29969194
33.30346723,126.29969112
33.30346598,126.29969029
33.30346479,126.29968951
33.30346334,126.29968855
33.30346206,126.29968765
33.30346091,126.29968674
33.3034599,126.29968594
33.30345879,126.29968506
33.30345765,126.29968416
33.30345657,126.29968331
33.30345526,126.29968227
33.3034538,126.29968105
33.3034526,126.29967998
33.30345161,126.29967911
33.30345057,126.29967818
33.30344955,126.29967728
33.30344822,126.2996761
33.30344698,126.29967499
33.30344575,126.29967378
33.30344484,126.29967289
33.30344384,126.29967191
33.30344282,126.29967092
33.30344186,126.29966998
33.30344068,126.29966883
33.30343961,126.29966772
33.30343861,126.29966658
33.30343773,126.29966557
33.30343675,126.29966445
33.30343575,126.29966331
33.30343481,126.29966224
33.30343366,126.29966093
33.30343265,126.29965969
33.30343174,126.29965848
33.30343094,126.2996574
33.30343006,126.29965622
33.30342916,126.29965501
33.30342831,126.29965387
33.30342727,126.29965247
33.30342636,126.29965113
33.30342558,126.29964975
33.30342488,126.29964853
33.30342411,126.29964718
33.30342333,126.2996458
33.30342259,126.2996445
33.30342169,126.29964292
33.30342092,126.29964144
33.30342027,126.29963998
33.3034197,126.2996387
33.30341908,126.29963728
33.30341844,126.29963583
33.30341783,126.29963447
33.30341709,126.2996328
33.30341648,126.29963124
33.30341601,126.29962972
33.30341558,126.29962837
33.30341512,126.29962688
33.30341464,126.29962536
33.3034142,126.29962393
33.30341365,126.29962218
33.30341319,126.29962052
33.30341284,126.29961885
33.30341252,126.29961738
33.30341217,126.29961575
33.30341182,126.29961409
33.30341148,126.29961252
33.30341107,126.29961061
33.30341078,126.29960887
33.30341063,126.29960725
33.30341051,126.29960582
33.30341037,126.29960424
33.30341023,126.29960263
33.30341009,126.2996011
33.30340993,126.29959924
33.3034098,126.29959723
33.30340975,126.29959562
33.30340968,126.2995936
33.30340961,126.29959153
33.30340955,126.29958974
33.30340951,126.29958785
33.30340954,126.29958608
33.30340958,126.29958431
33.30340961,126.29958248
33.30340965,126.29958049
33.30340952,126.29957876
33.30340928,126.2995772
33.30340897,126.29957525
33.30340865,126.29957325
33.30340838,126.29957152
33.30340815,126.29956969
33.30340808,126.29956792
33.30340801,126.29956614
33.30340794,126.29956431
33.30340786,126.29956232
33.3034078,126.29956037
33.30340775,126.29955843
33.3034077,126.29955684
33.30340765,126.29955516
33.30340761,126.29955351
33.30340757,126.29955201
33.30340751,126.29954997
33.30340745,126.299548
33.30340739,126.29954588
33.30340734,126.29954425
33.3034073,126.29954259
33.30340725,126.29954102
33.3034072,126.29953911
33.30340718,126.29953733
33.3034072,126.29953562
33.30340722,126.2995341
33.30340724,126.29953243
33.30340727,126.29953072
33.30340729,126.29952911
33.30340732,126.29952714
33.30340735,126.29952537
33.3034074,126.29952375
33.30340744,126.29952232
33.30340749,126.29952074
33.30340754,126.29951913
33.30340758,126.2995176
33.30340763,126.29951574
33.30340765,126.29951403
33.3034076,126.29951239
33.30340756,126.29951093
33.30340751,126.29950933
33.30340746,126.29950769
33.30340742,126.29950615
33.30340736,126.29950426
33.30340731,126.29950252
33.30340723,126.29950085
33.30340717,126.29949938
33.3034071,126.29949775
33.30340703,126.29949609
33.30340696,126.29949452
33.30340688,126.29949261
33.30340682,126.29949086
33.3034068,126.29948922
33.30340678,126.29948776
33.30340676,126.29948616
33.30340673,126.29948452
33.30340671,126.29948298
33.30340668,126.29948109
33.30340668,126.29947932
33.30340673,126.29947755
33.30340677,126.29947599
33.30340682,126.29947427
33.30340687,126.29947252
33.30340691,126.29947086
33.30340697,126.29946884
33.30340702,126.29946704
33.30340707,126.29946542
33.30340711,126.29946398
33.30340715,126.2994624
33.3034072,126.29946079
33.30340725,126.29945927
33.3034073,126.29945741
33.30340733,126.29945532
33.30340733,126.29945357
33.30340733,126.29945213
33.30340733,126.29945062
33.30340733,126.29944913
33.30340733,126.29944719
33.30340731,126.29944536
33.30340713,126.29944325
33.30340701,126.29944171
33.30340687,126.29944002
33.30340673,126.29943829
33.30340659,126.29943665
33.30340643,126.29943465
33.30340631,126.29943284
33.30340627,126.29943115
33.30340622,126.29942965
33.30340618,126.299428
33.30340613,126.29942632
33.30340609,126.29942473
33.30340603,126.29942279
33.30340602,126.29942065
33.30340604,126.2994189
33.30340607,126.29941747
33.30340609,126.29941595
33.30340611,126.29941446
33.30340614,126.29941252
33.30340617,126.29941071
33.30340617,126.29940872
33.30340617,126.29940726
33.30340617,126.29940566
33.30340617,126.29940402
33.30340617,126.29940248
33.30340617,126.29940059
33.30340618,126.29939884
33.30340623,126.29939715
33.30340627,126.29939565
33.30340632,126.299394
33.30340637,126.29939232
33.30340641,126.29939073
33.30340647,126.29938879
33.30340652,126.29938703
33.30340657,126.29938539
33.30340661,126.29938393
33.30340665,126.29938233
33.3034067,126.29938069
33.30340675,126.29937915
33.3034068,126.29937726
33.30340685,126.29937553
33.3034069,126.29937389
33.30340694,126.29937243
33.30340699,126.29937083
33.30340704,126.29936919
33.30340708,126.29936765
33.30340713,126.29936576
33.30340717,126.29936401
33.30340717,126.29936232
33.30340717,126.29936082
33.30340717,126.29935917
33.30340717,126.29935749
33.30340717,126.2993559
33.30340717,126.29935396
33.30340714,126.29935222
33.30340707,126.29935065
33.303407,126.29934926
33.30340693,126.29934772
33.30340686,126.29934616
33.3034068,126.29934468
33.30340671,126.29934288
33.30340663,126.29934082
33.30340658,126.29933907
33.30340654,126.29933763
33.30340649,126.29933612
33.30340644,126.29933463
33.30340638,126.29933269
33.30340627,126.29933058
33.3034061,126.29932908
33.30340587,126.29932703
33.30340571,126.29932554
33.30340555,126.29932408
33.30340533,126.29932217
33.30340521,126.29932022
33.30340543,126.29931817
33.30340565,126.29931612
33.30340593,126.29931423
33.30340624,126.29931214
33.30340645,126.29931019
33.3034066,126.29930852
33.30340678,126.29930659
33.30340695,126.29930471
33.30340712,126.29930284
33.30340745,126.29930088
33.30340782,126.29929903
33.30340809,126.29929761
33.30340838,126.29929617
33.30340877,126.29929418
33.30340918,126.29929209
33.30340938,126.29929054
33.30340965,126.29928848
33.30340986,126.2992869
33.30341008,126.29928529
33.30341028,126.29928377
33.30341052,126.29928191
33.30341065,126.29928018
33.3034106,126.29927849
33.30341056,126.29927699
33.30341051,126.29927534
33.30341046,126.29927366
33.30341042,126.29927207
33.30341036,126.29927012
33.30341021,126.29926832
33.3034099,126.29926659
33.30340963,126.29926505
33.30340933,126.29926335
33.30340902,126.29926162
33.30340873,126.29925999
33.30340837,126.29925799
33.30340803,126.29925619
33.30340767,126.29925455
33.30340735,126.2992531
33.30340701,126.29925149
33.30340665,126.29924986
33.30340631,126.29924831
33.3034059,126.29924642
33.30340549,126.29924469
33.30340504,126.29924302
33.30340464,126.29924154
33.3034042,126.29923991
33.30340375,126.29923826
33.30340332,126.29923669
33.3034028,126.29923477
33.30340233,126.29923304
33.3034019,126.29923142
33.30340153,126.29922998
33.30340111,126.2992284
33.30340068,126.29922679
33.30340028,126.29922527
33.30339978,126.29922341
33.30339932,126.29922169
33.30339884,126.29922005
33.30339842,126.2992186
33.30339795,126.29921699
33.30339748,126.29921536
33.30339703,126.29921381
33.30339648,126.29921192
33.30339598,126.29921022
33.30339551,126.29920865
33.30339508,126.29920726
33.30339462,126.29920572
33.30339414,126.29920416
33.3033937,126.29920268
33.30339315,126.29920088
33.30339268,126.29919925
33.30339227,126.29919775
33.30339191,126.29919642
33.30339152,126.29919496
33.30339111,126.29919346
33.30339073,126.29919205
33.30339027,126.29919033
33.30338979,126.29918841
33.30338944,126.29918683
33.30338899,126.29918484
33.30338854,126.2991828
33.30338814,126.29918105
33.30338769,126.29917907
33.30338734,126.29917752
33.30338702,126.29917615
33.30338667,126.29917464
33.30338632,126.2991731
33.30338598,126.29917164
33.30338557,126.29916986
33.30338513,126.29916819
33.30338461,126.29916652
33.30338414,126.29916504
33.30338363,126.29916341
33.30338311,126.29916176
33.30338262,126.29916019
33.30338201,126.29915827
33.30338148,126.29915664
33.3033808,126.2991547
33.30338012,126.29915275
33.30337964,126.2991514
33.30337899,126.29914955
33.30337831,126.29914761
33.30337761,126.29914591
33.30337689,126.29914419
33.30337611,126.29914231
33.30337539,126.29914058
33.30337464,126.29913877
33.30337391,126.29913701
33.30337316,126.29913522
33.30337261,126.29913392
33.30337183,126.29913204
33.30337105,126.29913017
33.30337028,126.29912828
33.30336959,126.29912653
33.30336905,126.29912518
33.30336851,126.2991238
33.30336776,126.29912191
33.303367,126.29912
33.30336648,126.29911857
33.30336581,126.29911675
33.3033653,126.29911536
33.30336478,126.29911393
33.30336406,126.29911198
33.30336336,126.29911006
33.30336274,126.2991085
33.30336198,126.29910659
33.3033614,126.29910512
33.30336081,126.29910363
33.30336025,126.29910222
33.30335956,126.2991005
33.30335895,126.29909891
33.30335841,126.29909738
33.30335792,126.29909603
33.30335739,126.29909455
33.30335684,126.29909303
33.30335633,126.2990916
33.3033557,126.29908985
33.30335516,126.29908823
33.30335471,126.29908668
33.3033543,126.29908531
33.30335386,126.2990838
33.30335341,126.29908226
33.30335299,126.29908081
33.30335247,126.29907903
33.30335188,126.299077
33.30335139,126.29907528
33.30335099,126.29907387
33.30335056,126.29907237
33.30335014,126.29907091
33.3033496,126.299069
33.30334902,126.29906701
33.30334848,126.29906521
33.30334793,126.2990634
33.30334737,126.29906153
33.30334688,126.29905993
33.30334628,126.29905803
33.30334574,126.2990565
33.30334508,126.29905462
33.3033445,126.29905295
33.30334386,126.29905096
33.3033433,126.29904904
33.30334266,126.2990471
33.3033425,126.29904667
